DetID,MIPMPV_ADC,MIPWIDTH_ADC,MIP_SLOPE
0x18800100,403.719104869643,238.92594046493184,0.0113311433797112
0x18800101,414.2326764719969,247.9675414498468,0.0110086767610093
0x18800102,392.11623429044647,223.77641115235951,0.0117783865956219
0x18800103,363.4023367601664,207.39096636444503,0.0127090253616702
0x18800104,426.6036436524651,248.34729969100107,0.0107707919799641
0x18800105,419.39139203735937,246.51655361364084,0.0109278742548938
0x18800106,491.70441213714224,329.2015857443684,0.0089536309167953
0x18800107,468.88200491669306,327.0948346191633,0.0092501578006353
0x18800200,432.863599047573,261.97640704504823,0.0105022003870435
0x18800201,472.0280666765949,293.9595246619115,0.0095499750602976
0x18800202,449.55827933182985,272.0275944602876,0.0101127545544813
0x18800203,437.14506028656194,265.186725694037,0.0103923632620758
0x18800204,447.1584250606037,274.41632574033576,0.0101254746944217
0x18800205,433.54971103271225,279.63509074119776,0.0102834186573367
0x18800206,518.1628272244466,431.53446427772593,0.007742572508162
0x18800207,584.3262067376596,536.7093263162965,0.0065108579542569
0x18800300,690.1864230414117,376.8070291915184,0.0067633009257596
0x18800301,659.1300440970797,362.25606682794376,0.0070711268926881
0x18800302,544.0185875581016,409.5374049543358,0.0077311795439487
0x18800303,602.2118023661204,333.2853267199585,0.0077268786224487
0x18800304,656.4137242199605,370.4605357024476,0.0070555136371688
0x18800305,629.8427836615348,425.1705109371084,0.0069696541484933
0x18800306,596.5539774146679,317.005034052306,0.0078717588172181
0x18800307,717.8264298991714,415.3215286074644,0.0064113890436067
0x18800400,703.1411109366005,427.903771150922,0.0064550501323698
0x18800401,533.6027543342534,407.5488375625317,0.0078325588958397
0x18800402,660.8609790598043,379.457652703492,0.0069777600878207
0x18800403,609.1116330764544,319.1348102288602,0.0077324614726176
0x18800404,859.7773048289652,442.1351927858042,0.0054988250305438
0x18800405,689.243456501393,403.9991086014307,0.0066544128616129
0x18800406,694.5920286381718,399.18868515250335,0.0066373560617065
0x18800407,664.7700393678383,371.350795921933,0.0069842298491769
0x18800500,655.1340236792951,336.200455459986,0.007219439495112
0x18800501,701.322385583976,332.13750684102547,0.0068409944235099
0x18800502,724.701011235909,345.97791143535494,0.0066117215097911
0x18800503,743.2133725744883,350.44862298235967,0.0064598652921565
0x18800504,607.2925401827581,340.1885044086307,0.0076401206774392
0x18800505,687.7929133604416,350.8081184814913,0.00688485341077
0x18800506,672.4921451742795,341.3301723791503,0.0070481384252596
0x18800507,674.4012361605355,346.7470806645108,0.0070105531089013
0x18800600,699.7807594641503,348.0583985611372,0.0067989444750393
0x18800601,712.2475804976776,391.263035921502,0.0065445028180268
0x18800602,614.6924915259646,298.5565762376089,0.007772592114384
0x18800603,782.2678781272474,365.73696318658153,0.0061455167490349
0x18800604,615.7257490659258,300.04153126565313,0.0077551780936263
0x18800605,640.3361457193431,351.38083754960587,0.0072812816030847
0x18800606,656.9893162940107,374.9611301590985,0.007029673191789
0x18800607,663.3284975902494,347.80133995338434,0.0070993498970596
0x18800700,532.2563808304028,361.7186739831215,0.0082277063040179
0x18800701,456.5116863479758,370.10526603332727,0.0089058917157766
0x18800702,578.5918547726008,339.17400164300017,0.0079268147133611
0x18800703,534.5527110782966,346.8586055322877,0.008323979480867
0x18800704,484.9798326032509,385.9149372553277,0.0084582228480277
0x18800705,509.95557753524105,385.4820738419399,0.0082328993624682
0x18800706,576.4638445350604,309.3998781826697,0.0081284991167704
0x18800707,421.8481573724748,324.46556718530024,0.0098767094099273
0x18800800,593.6892327985039,350.8652913527273,0.0077082946433342
0x18800801,579.2903138020139,400.680512647864,0.0075111282231034
0x18800802,678.0350612186467,340.53936495843504,0.0070044390492896
0x18800803,605.8132800864638,399.8163044321128,0.0073032657041697
0x18800804,464.7116782416113,350.7788588031507,0.0090400523916996
0x18800805,563.74505251816,425.9512845261039,0.0074488079442536
0x18800806,678.7283671555892,335.7758924217226,0.0070166445508706
0x18800807,652.3867772190258,305.59576104576433,0.0073668292533256
0x18800900,562.6700223932355,262.92237991276454,0.0085447044116891
0x18800901,587.9710225631188,299.24883597174545,0.0080570726226273
0x18800902,591.249374574989,309.9696781283155,0.0079650362886934
0x18800903,600.8393618203784,295.20152673584204,0.0079359545213077
0x18800904,579.1581861539828,298.62793635803934,0.0081588254923263
0x18800905,571.8447405202685,317.23495271125347,0.0081326202139634
0x18800906,660.7868391194532,344.0356059706325,0.007136994142514
0x18800907,579.6875712692215,296.27495661225583,0.0081655540765649
0x18800a00,599.6909312235002,310.16303171244806,0.0078746573852445
0x18800a01,634.1858626447466,326.88683922014553,0.0074514125796477
0x18800a02,540.384350407007,285.63522855759925,0.0086998137412151
0x18800a03,576.2545800745196,319.551121313768,0.0080711631690813
0x18800a04,589.464141906718,312.44102484585375,0.0079707704563125
0x18800a05,548.5952102063861,284.4506438193864,0.0086037404681553
0x18800a06,565.8788757938377,285.53599077590155,0.0083853809246615
0x18800a07,616.0558802422383,328.15393235769113,0.0076186450735353
0x18800a08,616.7464145204357,310.7645279053751,0.0076958216714077
0x18800a09,593.9585143575429,327.7284391447187,0.0078397920807095
0x18800a0a,610.017736405823,294.3293292915982,0.007840954337531
0x18800a0b,612.9447342922225,298.0947444526242,0.0077930210445205
0x18800b00,557.8059804487341,306.68783338334924,0.0083548260652013
0x18800b01,610.4628545203559,314.65446117331703,0.0077410017067904
0x18800b02,655.1313065615807,324.8039482193425,0.0072665483500118
0x18800b03,649.5843369305379,312.0045589233513,0.007368922878661
0x18800b04,579.1152201744886,333.40163396568573,0.0079573078138484
0x18800b05,540.3126519658746,299.2382452581554,0.0086106571222678
0x18800b06,519.7385056296481,332.97789887464035,0.0085968062943889
0x18800b07,598.6698363995155,283.5764625411568,0.0080137606082017
0x18800b08,602.3487791114932,292.3148260177456,0.0079330141878553
0x18800b09,545.525219942238,260.94706007290574,0.0087805104991443
0x18800b0a,586.2463834817104,280.6301200607889,0.0081696306670022
0x18800b0b,611.1224998537185,320.99101764265066,0.0077030116406357
0x18800c00,606.1046438860479,250.7210867138508,0.0080587009784486
0x18800c01,586.9938408389299,488.4367311648473,0.0068376511770384
0x18800c02,969.9191144276546,58.41962303388084,0.0049457429261817
0x18800c03,-9999.0,-9999.0,-9999.0
0x18800c04,576.2051757413258,338.84295571002275,0.0079529012057743
0x18800c05,-9999.0,-9999.0,-9999.0
0x18800c06,-9999.0,-9999.0,-9999.0
0x18800c07,-9999.0,-9999.0,-9999.0
0x18800c08,613.7067888605063,328.541394900628,0.0076395225384419
0x18800c09,632.2778194858065,370.0951502507975,0.0072566371572992
0x18800c0a,-9999.0,-9999.0,-9999.0
0x18800c0b,1469.9150103615073,-4.347600679466268e-08,0.0031702513187166
0x18800d00,1364.4553939257755,3.010927684954368e-08,0.0034152820390796
0x18800d01,1537.750722661666,-1.3495082384906713e-08,0.003030400136593
0x18800d02,1060.2829558247545,5.561973345480737,0.0044076123399517
0x18800d03,129.53982971310515,73.09629795032443,0.035753680313001
0x18800d04,1601.752238148266,-4.190451363683678e-08,0.0029093138682842
0x18800d05,1597.5,4.2688498069765046e-08,0.0029170579008286
0x18800d06,780.5000027639439,329.6015718628572,0.006243786409182
0x18800d07,616.7001428546879,351.590020719163,0.0074909478775964
0x18800d08,-9999.0,-9999.0,-9999.0
0x18800d09,1025.5610847477385,11.015346234390677,0.0045701694701027
0x18800d0a,223.06025887071564,155.58954122058503,0.0194450962995075
0x18800d0b,618.5821516978108,314.05444433689297,0.0076619842611626
0x18800e00,232.9332026719485,83.86775484933824,0.0212169390494871
0x18800e01,799.6407204157168,264.7514263477385,0.0062082708814975
0x18800e02,-9999.0,-9999.0,-9999.0
0x18800e03,-9999.0,-9999.0,-9999.0
0x18800e04,597.0894604389638,347.3376859982558,0.0076969335761831
0x18800e05,202.62145203489808,81.35741763825129,0.0241792878249465
0x18800e06,596.1866880385365,317.62289472819333,0.0078722713232069
0x18800e07,630.7204189035805,293.44088105842354,0.0076278686305406
0x18800e08,628.1249974042797,309.6436846323774,0.0075867165974426
0x18800e09,191.0562404123371,39.99896771953814,0.0260571334020181
0x18800e0a,455.13214186231664,562.250115135914,0.006807116201677
0x18800e0b,750.814783972319,324.606995020008,0.0064725943821564
0x18800f00,728.0567606785844,226.3474126708611,0.0068344646540465
0x18800f01,579.6608005349915,145.83942601177887,0.0086068128165781
0x18800f02,205.59264724567785,65.44621252694068,0.0241839539145883
0x18800f03,592.8125691512564,404.3565780185273,0.0073774400765541
0x18800f04,731.9701886732965,351.0363973514035,0.0065411869052377
0x18800f05,665.8347652448126,392.1623710979503,0.0068794416849526
0x18800f06,615.1512453661734,376.1318702971399,0.0073682096254411
0x18800f07,611.2748681506138,301.9309972693588,0.0077931146518302
0x18800f08,183.31557023252915,13.49662735504532,0.0263074200418275
0x18800f09,217.3318216637633,140.34185668012051,0.0205062579842865
0x18800f0a,247.897013810526,8.313491244664277,0.0191233498430442
0x18800f0b,190.1173737324673,71.10456514787379,0.0259265933840141
0x18801000,164.5000021939777,96.1241074792634,0.0279045028535644
0x18801001,199.162884860918,69.0792965237467,0.0248695746198291
0x18801002,243.3721814939328,9.940196183961802,0.0195451547315052
0x18801003,171.52791180359037,98.73010084887332,0.026866987414197
0x18801004,211.721416786404,180.9691764245486,0.0186971424007853
0x18801005,210.9504668102309,187.1935204309625,0.0183904743939352
0x18801006,208.8717832731957,126.74458967390233,0.02174826296983
0x18801007,255.4802878498821,5.516813115082442,0.0184481842684221
0x18801008,164.50000364476884,201.3312781185277,0.0189746417688887
0x18801009,191.9760782391283,38.125092325136336,0.0259035814625502
0x1880100b,875.2919687628766,9.520796195246476,0.0053551546822764
0x18801100,597.6239135685663,1.4588372972598336,0.0078079684131938
0x18801101,234.5000000890346,357.91870590335463,0.0109784762966335
0x18801102,205.8506340700384,100.09838713271527,0.0232051792363331
0x18801103,197.44899671941025,180.74031252369377,0.0193061912775462
0x18801104,676.440724135359,307.2029013008039,0.0071376133233586
0x18801105,624.7410993581627,245.0112300530796,0.0078592188552957
0x18801106,571.2428664976043,216.54620365039835,0.008619795547636
0x18801107,545.9147524679325,205.4810917689368,0.0090246945899169
0x18801108,665.7364861099637,276.9685936706469,0.00733233370855
0x18801109,415.5465654067087,4.406591087304832,0.0112782832550477
0x1880110a,229.47940728935265,3.2102433262975296,0.0204590716818891
0x1880110b,189.7207005263692,4.30818841100475,0.0248563758520119
0x18801200,558.6386366388342,190.0143884438665,0.0088754089907585
0x18801201,427.51343670092194,580.3203143577094,0.0066974199407825
0x18801202,227.34029350845623,2.3496133524217555,0.0206122222208293
0x18801203,199.5520788419142,6.649880551290039,0.023753927524013
0x18801204,322.5,409.8306310323951,0.0093880587988312
0x18801205,337.5,343.71750067923733,0.0105740979018998
0x18801206,206.4454403561562,3.141752363474353,0.0227562134953077
0x18801207,199.7617875892385,99.10862113957018,0.0238280693083889
0x18801208,188.8991021754536,21.568170934818,0.0258810326533993
0x18801209,200.0869961839326,5.940397280040457,0.0236493238608689
0x1880120a,644.3421580782298,10.501139095058193,0.0072950711544813
0x1880120b,738.957921858282,10.710576728549086,0.0063551141704015
0x18801301,407.2361091379245,159.50203181617718,0.0120582292457758
0x18801302,142.80642708946905,247.0679278261288,0.0159476064415556
0x18801303,505.05934283150833,217.56553068294625,0.009626347075348
0x18801304,-9999.0,-9999.0,-9999.0
0x18801305,562.7946431709624,219.5547537840637,0.0087283486058445
0x18801306,603.9357645733351,291.31186163879096,0.007920295767179
0x18801307,-9999.0,-9999.0,-9999.0
0x18801308,1173.8303402061256,-0.5853290768725401,0.0039688195532275
0x18801309,933.3931796592012,239.3083947893544,0.0053451868001629
0x1880130a,-9999.0,-9999.0,-9999.0
0x1880130b,1142.4533704780158,-23.16268599862167,0.0040317996014264
0x18880100,408.2552811627955,254.8855312418452,0.0110332937529603
0x18880101,480.88704583489454,292.7754423001213,0.0094372302774822
0x18880102,449.6635098087943,264.6842262007529,0.0101883069480893
0x18880103,450.83828823840776,280.93089986561085,0.0099970195817983
0x18880104,420.4101420149713,251.38554002526445,0.0108502923985818
0x18880105,430.1376102980969,258.639981468255,0.0105883201595509
0x18880106,469.7021968252936,319.36402834997466,0.0093218104771404
0x18880107,423.2696676221089,252.22393370846373,0.0107873382344921
0x18880200,508.0378167912313,334.35750143504566,0.0087170519003353
0x18880201,423.3305434343396,263.9706819767049,0.0106444009843278
0x18880202,448.4597125269518,270.3822536348096,0.010148000918557
0x18880203,434.0747981822115,261.88352704995833,0.0104823152932877
0x18880204,406.55758449817847,229.69583419016288,0.0113885684775308
0x18880205,400.46671153649,242.91076856677591,0.0113445342646807
0x18880206,443.7466312147373,271.7167997383767,0.0102100107490865
0x18880207,515.1214276669472,432.4475728911558,0.0077567011114283
0x18880300,603.428190503012,325.87680994786604,0.0077546941097706
0x18880301,501.9958261117226,316.42494041474185,0.0089465436313886
0x18880302,643.4582632048553,366.240023595436,0.007182418947179
0x18880303,588.5520655233357,289.7512052224281,0.0080987351583849
0x18880304,666.3882994409854,378.9100460068936,0.0069370243570181
0x18880305,607.4701631778863,363.1061819509623,0.0075098955895696
0x18880306,656.1831687392337,404.9754648079072,0.0068884851516823
0x18880307,512.6494606222217,394.7824520398766,0.0081229454794312
0x18880400,623.4054151170259,337.3063233235636,0.0075030081733589
0x18880401,608.9543399086515,354.5864110620096,0.0075450207471614
0x18880402,543.608076779596,339.5584785141951,0.0082848628110006
0x18880403,603.0784778667772,338.4452227810552,0.0076900990960343
0x18880404,619.1986202584937,365.4980169321992,0.0073931693307593
0x18880405,708.3268056927578,393.5900233936919,0.0065630700843516
0x18880406,643.2650329871565,397.1789655365532,0.0070258905450177
0x18880407,651.9242348646949,373.9365211369963,0.0070752967237514
0x18880500,662.4637013319108,332.8666547541592,0.0071684856130472
0x18880501,660.8672901388785,325.0536264902124,0.0072137072436493
0x18880502,656.441822280311,316.3373313055929,0.007287946380882
0x18880503,660.7449381160301,319.138907278931,0.0072377077588853
0x18880504,705.7128883016113,364.8894746024705,0.0066920168263319
0x18880505,646.7871654496792,330.415895401585,0.0073190964416474
0x18880506,750.4782624438316,362.319058988984,0.0063727844875479
0x18880507,683.1458782078058,377.7495889108811,0.0068128446264549
0x18880600,604.7042351760183,329.04884626233354,0.0077251786817951
0x18880601,586.9051056818993,302.2513492428706,0.0080530964561338
0x18880602,654.9766730430703,327.8003542150284,0.0072557771253679
0x18880603,657.7436166853303,324.69814986539745,0.0072432792191
0x18880604,660.7067033676894,336.7802341907465,0.0071679795280196
0x18880605,613.7237003156744,307.5618682402384,0.0077415917792125
0x18880606,550.1441163739263,276.8932106959953,0.0086293272287259
0x18880607,579.1939101643566,253.9607994257732,0.0083756654100877
0x18880700,645.1348593928939,317.6666874692137,0.007388176511227
0x18880701,572.4669374362545,390.8862441369704,0.007636748315052
0x18880702,584.2548094235319,304.52513306691554,0.0080700579809476
0x18880703,659.736582842582,335.21110587923016,0.0071829495670641
0x18880704,429.6500795800395,322.14889616443173,0.0098059705744588
0x18880705,470.057110317851,460.1634374405852,0.0077879206846965
0x18880706,590.8826626896508,353.7656444930405,0.0077172102100637
0x18880707,483.70625150046766,367.66945519721975,0.0086587721153276
0x18880800,563.2215130298094,380.7422669246487,0.0077901037847481
0x18880801,440.8655735064541,330.0610770600852,0.0095626562421751
0x18880802,569.2191015681952,344.5576548893458,0.0079860397586297
0x18880803,647.7806658264836,347.94494439386904,0.0072323762583366
0x18880804,620.9418273310044,331.17648399917186,0.0075566275854603
0x18880805,623.4109888899412,345.1078881029547,0.007463665232631
0x18880806,644.0367626575994,381.8192028763013,0.0070995936586441
0x18880807,547.6672808144425,404.3667808455275,0.0077430284540884
0x18880900,624.4663770233223,320.1114527959365,0.0075756188966493
0x18880901,595.0782523440388,306.9330806267669,0.0079400565766859
0x18880902,557.116629063176,287.5064220082079,0.0084801850701748
0x18880903,547.3324344707493,301.6663501664967,0.008509855369304
0x18880904,594.9678586441858,331.4130024149939,0.0078089589771345
0x18880905,517.3417980488662,288.3737396342264,0.0089791823452075
0x18880906,572.9630923731888,299.42159946011776,0.0082246867364423
0x18880907,571.6400917483946,334.4310076365185,0.0080274899674301
0x18880a00,645.2806641761292,420.4069315565545,0.0068863771781575
0x18880a01,591.449463369804,323.4678718459025,0.0078892078949675
0x18880a02,546.5990106651362,328.93380673757133,0.0083304076453483
0x18880a03,651.4241602678327,359.8761466102838,0.0071461535101183
0x18880a04,599.1800030614115,309.96953061660804,0.0078810111409916
0x18880a05,567.3219401789086,285.3765229880913,0.0083689336829161
0x18880a06,571.0714047427305,306.9682027123951,0.0082025350898149
0x18880a07,597.1278858466808,311.7490746095697,0.0078934108211252
0x18880a08,516.4239889147251,272.8600121224519,0.0091042341491839
0x18880a09,580.9551330795049,293.2269167877968,0.0081673338852992
0x18880a0a,598.3228744022574,278.86703204243673,0.0080387007569513
0x18880a0b,600.5672447362389,325.4539324119495,0.0077856233230908
0x18880b00,633.0344989417152,304.1205364470836,0.0075613047879917
0x18880b01,643.6318349352015,328.91454525223213,0.0073544960759693
0x18880b02,592.107168687065,306.4457963151244,0.0079744444948643
0x18880b03,620.7527140884558,297.3313587771434,0.0077147146774056
0x18880b04,588.6539162976856,270.70865149293763,0.0081871874747135
0x18880b05,617.541293375905,298.2966296677375,0.0077439537002
0x18880b06,588.3606941042634,285.30562528274345,0.0081226900748694
0x18880b07,554.9935020443611,292.86707275045086,0.0084737988953599
0x18880b08,621.9266489678645,311.5878711663039,0.0076398688627198
0x18880b09,621.6545896179003,298.86830518096923,0.0076988005306642
0x18880b0a,617.9262917908287,297.2079187836236,0.0077446788621079
0x18880b0b,639.9359323014834,306.8675834398828,0.0074820527488215
0x18880c00,192.5550535677216,53.74645698121461,0.0258983972474148
0x18880c01,223.05009117222744,219.4401371270056,0.0163610981070939
0x18880c02,222.6994073495643,102.2290343167254,0.0216466800496538
0x18880c03,181.76484632774665,34.62239258231489,0.0273317389126007
0x18880c04,565.6486562704607,396.26937891394135,0.0076554599103801
0x18880c05,262.5000003970737,700.6417979281769,0.0053929385394217
0x18880c06,241.1587039439816,92.27503952194532,0.020402812823263
0x18880c07,198.27538863394685,83.75373748935112,0.0245775471871003
0x18880c08,703.5,407.4409636604495,0.0065402448807627
0x18880c09,171.50000264653556,126.78425871306628,0.0247136642137033
0x18880c0a,216.90413342291825,80.84710322844134,0.0227305199304272
0x18880c0b,186.34581722658825,18.448086874012745,0.0261129747832118
0x18880d00,186.95406123168067,33.37881278210725,0.0265279410096269
0x18880d01,223.7159666621445,94.0754605671744,0.0217937697356774
0x18880d02,410.18054921747824,661.2251074826838,0.0059560024718063
0x18880d03,745.5000023824551,323.515931178954,0.0065157291840802
0x18880d04,192.7761899434285,35.9188217374998,0.0257561592640016
0x18880d05,218.20598803568527,117.27617515622654,0.021467675426742
0x18880d06,210.71321742059527,231.37999453547,0.0160813007391498
0x18880d07,221.96438850455715,137.4151120200967,0.0203452171119953
0x18880d08,544.7998573681851,289.3743788565806,0.0086203705344799
0x18880d09,205.1206223838036,51.39849191244562,0.0243221610679167
0x18880d0a,326.52935295156124,51.76761117637472,0.0151352921991015
0x18880d0b,766.5000010240722,293.1823394705808,0.0064193863327024
0x18880e00,780.5,162.89702747531896,0.0063780635534935
0x18880e01,308.81912128662253,95.10207850129792,0.0161170848045196
0x18880e02,186.8511718471726,33.914448491611296,0.0265544902351813
0x18880e03,178.745894453907,14.280113165940064,0.0270434581623062
0x18880e04,488.18930330987376,329.3804412931641,0.0089936041430538
0x18880e05,648.431782081204,351.4188579611143,0.0072107984449171
0x18880e06,646.2034189494726,273.63294786770405,0.0075390398227907
0x18880e07,569.8388173531428,204.44065273414776,0.0086748265844572
0x18880e08,660.653652516899,281.4093692859328,0.0073690782623211
0x18880e09,731.50000640985,519.6791381943489,0.0058879421694641
0x18880e0a,694.1561513918548,215.8754535634021,0.0071681725779056
0x18880e0b,528.5956295407271,14.703269821769595,0.0089437626698252
0x18880f00,488.9498013436446,163.07516190484648,0.0101498634968988
0x18880f01,644.8652276424482,94.72294889815088,0.007645165874091
0x18880f02,788.4954963853335,395.40780365417584,0.0060249132831886
0x18880f03,722.9868834412752,386.473547572259,0.0064868818211113
0x18880f04,193.4303269694882,131.14288589657883,0.0226592128860903
0x18880f05,178.91754513505217,308.2028818532599,0.0127848291369778
0x18880f06,728.4448508706785,97.81854759575548,0.0067479812092307
0x18880f07,718.1910541442526,86.02344918683741,0.0068181558733308
0x18880f08,171.50000187966666,97.815578342024,0.0269340076648567
0x18880f09,179.284154074719,3.318654974184,0.0262478870879406
0x18880f0a,183.2941009769353,49.77761706492825,0.0272139459445274
0x18880f0b,246.658026899024,184.29670126758765,0.0171063872613442
0x18881000,216.1950941112817,153.06253949022258,0.0199486839629886
0x18881001,182.87719889908945,133.759586104451,0.0232788029017947
0x18881002,189.36234416763887,11.192140151320672,0.0253204243452551
0x18881003,664.337903125252,168.1932216010058,0.0075098806444351
0x18881004,187.03506815443595,123.54721886940588,0.0236483338554274
0x18881005,212.5369172066893,114.64733560569869,0.0220225014787054
0x18881006,250.65405394530453,5.496495664272146,0.0188065431190227
0x18881007,205.9646745946956,163.84023419740458,0.0199193895890532
0x18881008,891.0643813196268,7.171893594115886,0.0052525111149918
0x18881009,849.2603266938294,2.888577576485204,0.0054973290808397
0x1888100a,856.479999416412,9.321322223284485,0.005472794081309
0x1888100b,696.4812020894683,8.750903997441242,0.0067359493206352
0x18881100,679.7588434193586,6.839803386626613,0.0068926132390854
0x18881101,721.6345653956259,26.82401625527416,0.0065804892299702
0x18881102,117.24498323640871,2.0501390388542404,0.040115817633165
0x18881103,893.0601829529695,7.29922431383693,0.0052411198071406
0x18881104,598.189001001039,200.184917277885,0.0082950510866017
0x18881105,705.6048454864739,21.902721571394068,0.0067105489306952
0x18881106,655.513648082136,301.08826825800884,0.0073534467300975
0x18881107,570.5349390445793,334.1119947710801,0.0080409349087024
0x18881109,857.7138101801858,9.04801766276239,0.0054639618634613
0x1888110a,819.2173136192836,4.390635285349845,0.0057049603259131
0x1888110b,619.5000018357974,183.4550746541223,0.0080421076088113
0x18881200,713.8577810295857,16.974048701007064,0.0066095450260714
0x18881201,639.141309262211,235.6809840147081,0.0077200106581756
0x18881202,644.2005653878265,18.72943118542139,0.0073432375269036
0x18881203,193.5069652811606,103.4992549094858,0.0242334457246267
0x18881204,322.5,314.4933617182214,0.0113787887970652
0x18881205,211.55269922186983,3.619998572444928,0.0222284095719893
0x18881206,617.690646745247,102.89648102412582,0.0080130740629373
0x18881207,615.2747206921001,219.47233856283532,0.0080371172571572
0x18881208,277.5,256.521325225919,0.0136588600466628
0x18881209,218.61777990974625,103.26514135990678,0.0219549091146258
0x1888120a,213.3628700774373,5.146422665248878,0.0221176033398888
0x1888120b,543.4840462018905,100.71316877761234,0.0091345290337437
0x18881300,-9999.0,-9999.0,-9999.0
0x18881301,-9999.0,-9999.0,-9999.0
0x18881302,553.095636542542,282.71122412716943,0.0085579798482721
0x18881303,-9999.0,-9999.0,-9999.0
0x18881304,1043.9046692211098,7.2907067473256575,0.0044809379160052
0x18881305,1044.5228680899731,14.758752098665129,0.0044951403806146
0x18881306,528.4852653939112,259.0405435431422,0.0090261956552349
0x18881307,1133.6857374602823,-1.7694901544018652e-08,0.0041104865713839
0x18881308,-9999.0,-9999.0,-9999.0
0x18881309,-9999.0,-9999.0,-9999.0
0x1888130a,-9999.0,-9999.0,-9999.0
0x1888130b,-9999.0,-9999.0,-9999.0
0x1880100a,-9999.0,-9999.0,-9999.0
0x18881108,-9999.0,-9999.0,-9999.0
0x18801300,-9999.0,-9999.0,-9999.0
